epoch,time,train/box_loss,train/cls_loss,train/dfl_loss,metrics/precision(B),metrics/recall(B),metrics/mAP50(B),metrics/mAP50-95(B),val/box_loss,val/cls_loss,val/dfl_loss,lr/pg0,lr/pg1,lr/pg2
1,14.3118,2.60218,9.83949,1.08669,0.00278,0.41667,0.00269,0.00055,2.0605,5.00243,0.9217,0.00054,0.00054,0.00054
2,35.7121,2.55434,6.7691,0.98613,0.00278,0.41667,0.00321,0.00126,2.26834,4.94191,0.99428,0.0009911,0.0009911,0.0009911
3,54.8141,2.42782,5.17254,0.98754,1,0.3427,0.4931,0.20337,2.43586,4.1311,1.04253,0.00133132,0.00133132,0.00133132
4,73.204,2.36416,5.41167,0.97542,0.67244,0.51444,0.61423,0.24965,2.67262,3.55202,1.19449,0.001406,0.001406,0.001406
5,89.9938,2.17903,4.32595,0.94881,0.99084,0.75,0.74614,0.43086,2.13791,2.65027,1.16775,0.001208,0.001208,0.001208
6,105.712,2.2158,4.55379,0.93731,0.97629,0.75,0.74565,0.40656,2.08025,2.57525,1.08765,0.00101,0.00101,0.00101
7,118.273,2.14575,4.03368,0.92537,0.98453,0.75,0.74565,0.43824,2.02414,2.58531,1.06438,0.000812,0.000812,0.000812
8,131.157,1.89199,3.62084,0.94193,0.98903,0.75,0.74618,0.41989,2.12005,2.70868,1.04244,0.000614,0.000614,0.000614
9,149.308,2.0219,4.06611,0.89838,0.98924,0.75,0.74613,0.41419,1.99074,2.53437,0.97309,0.000416,0.000416,0.000416
10,165.096,1.99173,3.53709,0.91232,0.98845,0.75,0.74612,0.43059,1.97227,2.49257,0.97247,0.000218,0.000218,0.000218
